title,series,dateCreated,price,sold,description
Lantern Path,Carpenter's Landing,,,,
Bridge and Waterfall,Gustaberg,,,,
Waterfall Pool,Korroloka,,,,
Out to Sea,Selbina,,,,
Shop Boats,Windurst,,,,
Port Window View,Ships;Selbina,,,,
Cabin Doors,Ships;Selbina,,,,
Below Deck Stairs,Ships;Selbina,,,,
Street with Shops,San d'Oria,,,,
Elf with Fireplace,San d'Oria,,,,
Castle Staircase,San d'Oria,,,,
Outpost Dusk,Ronfaure;Ronfaure,,,,
Dusk Forest Near Tower,Ronfaure,,,,
Stone Tablet,Ronfaure,,,,
Cloudy Field,Ronfaure,,,,
Walls of the City,Ronfaure,,,,
Tower Gates,Ronfaure,,,,
Dusk near Ghelsba,Ronfaure,,,,
Light at the end of the Tunnel,Ranperre's Tomb,,,,
Yellow Marsh Flowers,Pashhow,,,,
Tunnel Out,Mines,,,,
Ghost Lantern Tunnel,Mines,,,,
Tunnel In,Mines,,,,
Tunnel Error,Mines; Mines,,,,
