title,height,width,year,drawingMaterial,support,price,sold,series,catalogueNumber,description
Abstract Forest Path,11,14,2019,Acrylic Collage,Canvas Board,400,,Abstract and Fantasy,,
Atwood and McGuff-Silverman Collaborative Painting,29,42,2014,Acrylic,canvas,1000,,Abstract and Fantasy,,
Beach Sunset,8,10,2019,Acrylic,paper,250,,Abstract and Fantasy,,
C1,11,14,2016,Acrylic,canvas,400,,Abstract and Fantasy,,
Catnap,11,14,2018,Mix Media,Paper,400,,Abstract and Fantasy,,
Clay Print 2,11,14,2008,Clay,fiber cloth,75,,Abstract and Fantasy,,
Clay Print 3,11,14,2008,Clay,fiber cloth,75,,Abstract and Fantasy,,
Clay Print with Felting,11,14,2008,Clay and Wool,wool felt,75,,Abstract and Fantasy,,
Consumer's Web,12,16,2020,Acrylic,canvas,500,,Abstract and Fantasy,,
Day of the Dead,8,12,2008,Oil,canvas,,,Abstract and Fantasy,,
Day of the Dead Freda Portrait,8,10,2016,Acrylic,canvas,250,,Abstract and Fantasy,,
Earth Meets Sky,8,10,0,Acrylic,canvas,250,,Abstract and Fantasy,,
Fairies Sleeping,11,14,2009,Watercolor,paper,400,,Abstract and Fantasy,,
Grow Beyond the Drip Line,10,10,2016,Acrylic,canvas,260,,Abstract and Fantasy,,
Growth Rings,10,10,2016,Acrylic,canvas,260,,Abstract and Fantasy,,
Illuminated Writing 1,1.5,4,1975,Mix Media,paper,75,,Abstract and Fantasy,358,
Illuminated Writing 2,8,10,1977,mix media,paper,50,,Abstract and Fantasy,370,
Illuminated Writing 3,8,10,1977,mix media,paper,50,,Abstract and Fantasy,360,
Illuminated Writing 4,8,10,1977,mix media,paper,50,,Abstract and Fantasy,361,
Illuminated Writing 5,8,10,1977,mix media,paper,50,,Abstract and Fantasy,362,
Illuminated Writing 6,8,10,1977,mix media,paper,50,,Abstract and Fantasy,363,
Illuminated Writing 7,3,6.5,1975,Mix Media,paper,50,,Abstract and Fantasy,364,
Illuminated Writing 8,3,6.5,1975,Mix Media,paper,50,,Abstract and Fantasy,365,
Illuminated Writing 9,3,6.5,1975,Mix Media,paper,50,,Abstract and Fantasy,366,
Intersection Post Card AIR,5,7,2010,mix media,paper,,TRUE,Abstract and Fantasy,,
Nature's Bath,18,24,2009,pastel,paper,800,,Abstract and Fantasy,,
On the Edge of a Pond,11,14,2019,Acrylic,canvas,400,,Abstract and Fantasy,,
Putting Down Roots,20,20,2017,Acrylic,canvas,1000,,Abstract and Fantasy,,
The Source,11,14,2015,Acrylic,paper,400,,Abstract and Fantasy,,
Uprooted 1,10,10,2017,Acrylic,canvas,260,,Abstract and Fantasy,,
Uprooted 2,10,10,2017,Acrylic,canvas,260,,Abstract and Fantasy,,
Uprooted 3,10,10,2017,Acrylic,canvas,260,,Abstract and Fantasy,,
Uprooted 4,10,10,2017,Acrylic,canvas,260,,Abstract and Fantasy,,
View of Armilla,25,19,2007,Pastel,Paper,1000,,Abstract and Fantasy,,
Abstract Forest Path,11,14,2019,Acrylic,canvas,400,,Acrylic Collage,,
Ducks in Salt Marsh,20,20,2019,Acrylic,canvas,1000,,Acrylic Collage,,
Garden Path,8,10,2019,Acrylic,canvas,250,,Acrylic Collage,,
Pierced Sun,20,20,2019,Acrylic,canvas,1000,,Acrylic Collage,,
Winter Deer,20,20,2019,Acrylic,canvas,1000,,Acrylic Collage,,
Woodland Stream,20,20,2019,Acrylic,canvas,1000,,Acrylic Collage,,
1 0f 100a,8,10,2016,Acrylic,paper,,TRUE,Animals,,
3 Sparrows,5,7,2019,Acrylic,canvas,90,,Animals,,
Antelope,5,7,2019,Acrylic,canvas,,TRUE,Animals,,
Bear,10,8,2011,Acrylic,paper,50,,Animals,,
Birds on the Edge of a Brush Pile,8,10,2019,Acrylic,canvas,250,,Animals,,
Bison,5,7,2019,Acrylic,canvas,90,,Animals,,
Black Bill Magpies,5,7,2019,Acrylic,canvas,90,,Animals,,
Boomer,10,8,2011,Watercolor,paper,125,,Animals,,
Boomer 2,10,8,2011,Watercolor,paper,125,,Animals,,
Cat,10,8,2011,Acrylic,paper,50,,Animals,,
Cats,10,8,2011,Acrylic,paper,50,,Animals,,
Chipmunks,10,8,2011,Acrylic,paper,50,,Animals,,
Chipmunks 2,10,8,2011,Acrylic,paper,50,,Animals,,
"Cottonwood Loop, Deer 1",8,10,2021,Acrylic,Canvas,250,,Animals,,
"Cottonwood Loop, Deer 2",8,10,2021,Acrylic,Canvas,250,,Animals,,
Cows in Overcast Field,11,14,2019,Acrylic,canvas,400,,Animals,,
Cows Near Hay Bales,5,7,2019,Acrylic,canvas,90,,Animals,,
Cows Near Trees,5,7,2019,Acrylic,canvas,90,,Animals,,
"Cub Creek, Deer 1",8,10,2021,Acrylic,Canvas,250,,Animals,,
"Cub Creek, Deer 2",8,10,2021,Acrylic,Canvas,250,,Animals,,
"Cub Creek, Deer 3",8,10,2021,Acrylic,Canvas,250,,Animals,,
"Cub Creek, Deer 4",8,10,2021,Acrylic,Canvas,250,,Animals,,
"Cub Creek, Deer 5",8,10,2021,Acrylic,Canvas,250,,Animals,,
Custer Park Buffalo,5,7,2019,Acrylic,canvas,,TRUE,Animals,,
Dad with Pumpkin the Cat,4,5.5,2016,Watercolor,paper,,,Animals,,
Deer,10,8,2011,Acrylic,paper,50,,Animals,,
Deer at Sunset,10,8,2011,Watercolor,paper,150,,Animals,,
Deer in Field,8,10,2021,Acrylic,Paper/Matted,90,,Animals,,
Deer in the Woods,10,8,2011,pastel,paper,150,,Animals,,
Dogs,10,8,2011,Acrylic,paper,50,,Animals,,
Duck ,5,7,2010,Acrylic,Board,210,,Animals,,
Eastern Box Turtle,5,7,2019,Acrylic,canvas,90,TRUE,Animals,,
Fox,10,8,2011,Acrylic,paper,50,,Animals,,
Foxes,10,8,2011,Acrylic,paper,50,,Animals,,
Herd of Deer in Field,5,7,2019,Acrylic,canvas,90,,Animals,,
Herd of Deer in Field 2,5,7,2019,Acrylic,canvas,90,,Animals,,
Herd of Deer in the Woods,5,7,2019,Acrylic,canvas,90,,Animals,,
Lily,10,8,2011,Acrylic,paper,,TRUE,Animals,,
"Monarch, Praire Migration",12,16,2021,Acrylic,Canvas,500,,Animals,,
Nebraska Cows,12,12,2019,Acrylic,canvas,460,,Animals,,
Pheasant in Flight 1,8,10,2021,Acrylic,Paper/Matted,90,,Animals,,
Pheasant in Flight 2,8,10,2021,Acrylic,Paper/Matted,90,,Animals,,
Pheasant in Flight 3,8,10,2021,Acrylic,Paper/Matted,90,,Animals,,
Pheasant in Flight 4,8,10,2021,Acrylic,Paper/Matted,90,,Animals,,
Pheasant in Flight 5,8,10,2021,Acrylic,Paper/Matted,90,,Animals,,
Rabbit,10,8,2011,Acrylic,paper,50,,Animals,,
Rabbit 2,10,8,2011,Acrylic,paper,50,,Animals,,
Rabbit 3,10,8,2011,Acrylic,paper,50,,Animals,,
Rabbit 4,10,8,2011,Acrylic,Paper,50,,Animals,,
Raccoon,10,8,2011,Acrylic,paper,50,,Animals,,
Raccoon 2,10,8,2011,Acrylic,paper,50,,Animals,,
Raccoon 3,10,8,2011,Acrylic,paper,50,,Animals,,
Red and Blue Cows,5,7,2019,Acrylic,canvas,90,,Animals,,
Sparrows,8,10,2019,Acrylic,canvas,250,,Animals,,
Spirit of a Cat,10,8,2001,Acrylic,canvas,250,,Animals,,
Squirrel,10,8,2011,Acrylic,paper,50,,Animals,,
Squirrel Eating an Apple,5,7,2019,Acrylic,canvas,90,,Animals,,
Stag,10,8,2011,Acrylic,paper,50,,Animals,,
Turkeys,12,16,2019,Acrylic,canvas,,TRUE,Animals,,
Wild Burros,8,10,2019,Acrylic,canvas,250,,Animals,,
Belmar Beach,11,14,2009,Watercolor,paper,400,,Beach,,
Boats,11,14,1975,Graphite,paper,75,,Beach,,
Island State Park Beach,11,14,2010,Watercolor,paper,400,,Beach,,
Mystic Connecticut Inlet,11,14,1999,pastel,paper,400,,Beach,,
"Mystic Connecticut, Boats",11,14,1999,pastel,paper,400,,Beach,,
Ocean City Houses,11,14,2014,Watercolor ,paper,400,,Beach,,
Ocean City Sunrise,11,14,2014,Watercolor,paper,400,,Beach,,
Sunbathers ,8,10,2008,Watercolor,paper,210,,Beach,,
Sunbathers 2,11,14,2009,Watercolor,paper,210,,Beach,,
Beach Scene,4.5,6,2008,Watercolor,Paper,210,,Beach ,,
Sunbathers 3,8,10,2008,Watercolor,Paper,210,,Beach ,,
Bone,11,14,1977,Ink,paper,150,,Bone,,
Bone Series 13,11,14,1977,mix media,paper,150,,Bone,,
Bone Series 15,11,14,1977,Ink,paper,150,,Bone,,
Bone Series 16,11,14,1977,Ink,paper,150,,Bone,,
Bone Series 17,11,14,1977,mix media,paper,150,,Bone,,
Bone Series 18,11,14,1977,mix media,paper,150,,Bone,,
Bone Series 19,11,14,1977,mix media,paper,150,,Bone,,
Bone Series XX,11,14,1977,Ink,paper,150,,Bone,,
Bone Series XXI,11,14,1977,mix media,paper,150,,Bone,,
Figure Study 1,11,14,1977,mix media,paper,150,,Bone,,
Figure Study 2,11,14,1977,mix media,paper,150,,Bone,,
Figure Study 3,11,14,1977,mix media,paper,150,,Bone,,
Chet 1,8,10,2009,Watercolor,paper,210,,Cold River Camp,,
Chet 2,8,10,2009,Watercolor,paper,210,,Cold River Camp,,
Chet 3,8,10,2009,Watercolor,paper,210,,Cold River Camp,,
Cold River Field,8,10,2008,Acrylic,paper,210,,Cold River Camp,,
"Cold River Library, Night",11,14,2010,pastel,paper,400,,Cold River Camp,,
Cold River Porch,11,14,2009,Watercolor,paper,400,,Cold River Camp,,
CRC Cabin,11,14,2013,Watercolor,paper,400,,Cold River Camp,,
CRC Library 1,11,14,2010,Watercolor,paper,,TRUE,Cold River Camp,,
CRC Library 2,11,14,2010,Watercolor,paper,400,,Cold River Camp,,
CRC Porch 2,11,14,2014,Watercolor,paper,,TRUE,Cold River Camp,,
CRC Vatican City,11,14,2014,Watercolor,paper,,TRUE,Cold River Camp,,
Happy Hour at Cox,11,14,2014,Watercolor,paper,400,,Cold River Camp,,
Path to Emerald Pool,18,24,2016,Acrylic,canvas,1000,,Cold River Camp,,
Spring Haven Exterior,11,14,2013,Watercolor,paper,,TRUE,Cold River Camp,,
Spring Haven Interior,11,14,2013,Watercolor,paper,,TRUE,Cold River Camp,,
Tea House at Cold River,11,14,2009,Watercolor,paper,400,,Cold River Camp,,
Atwood and McGuff-Silverman Collaborative Painting,29,42,2014,Acrylic,canvas,1000,,Collaborative Work,,
Dad Dancing 1,5,7,2019,Acrylic,paper,,,"Dad Dancing, the Movie",,
Dad Dancing 10,5,7,2019,Acrylic,paper,,,"Dad Dancing, the Movie",,
Dad Dancing 11,5,7,2019,Acrylic,paper,,,"Dad Dancing, the Movie",,
Dad Dancing 12,5,7,2019,Acrylic,paper,,,"Dad Dancing, the Movie",,
Dad Dancing 13,5,7,2019,Acrylic,paper,,,"Dad Dancing, the Movie",,
Dad Dancing 14,5,7,2019,Acrylic,paper,,,"Dad Dancing, the Movie",,
Dad Dancing 15,5,7,2019,Acrylic,paper,,,"Dad Dancing, the Movie",,
Dad Dancing 16,5,7,2019,Acrylic,paper,,,"Dad Dancing, the Movie",,
Dad Dancing 17,5,7,2019,Acrylic,paper,,,"Dad Dancing, the Movie",,
Dad Dancing 18,5,7,2019,Acrylic,paper,,,"Dad Dancing, the Movie",,
Dad Dancing 19,5,7,2019,Acrylic,paper,,,"Dad Dancing, the Movie",,
Dad Dancing 2,5,7,2019,Acrylic,paper,,,"Dad Dancing, the Movie",,
Dad Dancing 20,5,7,2019,Acrylic,paper,,,"Dad Dancing, the Movie",,
Dad Dancing 3,5,7,2019,Acrylic,paper,,,"Dad Dancing, the Movie",,
Dad Dancing 4,5,7,2019,Acrylic,paper,,,"Dad Dancing, the Movie",,
Dad Dancing 5,5,7,2019,Acrylic,paper,,,"Dad Dancing, the Movie",,
Dad Dancing 6,5,7,2019,Acrylic,paper,,,"Dad Dancing, the Movie",,
Dad Dancing 7,5,7,2019,Acrylic,paper,,,"Dad Dancing, the Movie",,
Dad Dancing 8,5,7,2019,Acrylic,paper,,,"Dad Dancing, the Movie",,
Dad Dancing 9,5,7,2019,Acrylic,paper,,,"Dad Dancing, the Movie",,
"A R Wallace, Listening to a Tuba Player",11,14,2007,Pencil,paper,150,,Drawings and Black and White Prints,,
Advice for the Queen,11,14,2007,Pencil,paper,150,TRUE,Drawings and Black and White Prints,,
Amalia's Pearls,11,14,2007,Pencil ,paper,150,,Drawings and Black and White Prints,,
Boats,6.5,9.5,1975,Graphite,paper,150,,Drawings and Black and White Prints,,
Cat's Spirit,11,14,2007,Ink,paper,150,,Drawings and Black and White Prints,,
"Cezanne and Hippos, Near Caravan",11,14,2007,Pencil,paper,150,,Drawings and Black and White Prints,,
"Children, Gloves, and Animals",11,14,2007,Pencil,paper,150,,Drawings and Black and White Prints,,
Choosing a Tea Pot,11,14,2007,Pencil,paper,150,,Drawings and Black and White Prints,,
Contemplating the Universe,11,14,2007,Ink,paper,150,,Drawings and Black and White Prints,,
Desert Nights,11,14,2007,Pencil,paper,150,,Drawings and Black and White Prints,,
Ellis Island,11,14,2007,Pencil,paper,150,,Drawings and Black and White Prints,,
Farmers,11,14,2007,Pencil,paper,150,,Drawings and Black and White Prints,,
Feeding the Animals,11,14,2007,Pencil,paper,150,,Drawings and Black and White Prints,,
Fishing for God,11,14,2007,Ink,paper,150,,Drawings and Black and White Prints,,
Flight,11,14,2007,Pencil,paper,150,,Drawings and Black and White Prints,,
Frog Legs,11,14,2007,Pencil,paper,150,,Drawings and Black and White Prints,,
Full Moon,11,14,2007,Pencil,paper,150,,Drawings and Black and White Prints,,
Head of a Girl,11,14,2007,Pencil,paper,150,,Drawings and Black and White Prints,,
Horse Race on the Steppes,11,14,2007,Pencil,paper,150,,Drawings and Black and White Prints,,
In Flight,11,14,2007,Pencil,paper,150,,Drawings and Black and White Prints,,
In the Jungle,11,14,2007,Pencil ,paper,150,,Drawings and Black and White Prints,,
In the Tent,11,14,2007,Pencil,paper,150,,Drawings and Black and White Prints,,
Island Archeology,11,14,2007,Ink,paper,150,,Drawings and Black and White Prints,,
It is Spring,11,14,2007,Pencil,paper,150,,Drawings and Black and White Prints,,
Italian Sunglasses,11,14,2007,Pencil,paper,150,,Drawings and Black and White Prints,,
Japenese Physicist,11,14,2007,Pencil,paper,150,,Drawings and Black and White Prints,,
Judy's Granddaughter,11,14,2007,Pencil,paper,150,,Drawings and Black and White Prints,,
Listening,11,14,2007,Pencil,paper,150,,Drawings and Black and White Prints,,
Marching Until the Walls Come Down,11,14,2021,Pen and Ink,paper,150,TRUE,Drawings and Black and White Prints,,
Market Place,11,14,2007,Pencil,paper,150,,Drawings and Black and White Prints,,
Midnight in the Garden of Art and Science,11,14,2007,Ink ,paper,150,,Drawings and Black and White Prints,,
Naptime,11,14,2007,Pencil,paper,150,,Drawings and Black and White Prints,,
Nightmare at the Bayou,11,14,2007,Ink,paper,150,,Drawings and Black and White Prints,,
Observing Closely,11,14,2007,Pencil,paper,150,,Drawings and Black and White Prints,,
Othelia Sings in a Florida Mall,11,14,2020,Pen and Ink,paper,150,,Drawings and Black and White Prints,,
Partial Opening,11,14,2021,Pen and Ink,paper,150,,Drawings and Black and White Prints,,
Ponds Edge,11,14,2007,Pencil ,paper,150,,Drawings and Black and White Prints,,
Questions,11,14,2007,Pencil,paper,150,,Drawings and Black and White Prints,,
Recital,11,14,2007,Ink,paper,150,,Drawings and Black and White Prints,,
Resting,11,14,2007,Ink,paper,150,,Drawings and Black and White Prints,,
School Children,11,14,2007,Pencil,paper,150,,Drawings and Black and White Prints,,
Seated Model,11,14,2007,Pencil,paper,150,,Drawings and Black and White Prints,,
Silk Road,11,14,2007,Pencil,paper,150,,Drawings and Black and White Prints,,
St John's Pond,11,14,2007,Ink,paper,150,,Drawings and Black and White Prints,,
Staying a Float,11,14,2007,Pencil,paper,150,,Drawings and Black and White Prints,,
The Armchair Traveler,11,14,2007,Pencil,paper,150,,Drawings and Black and White Prints,,
The Cosmic Car Theory,11,14,2007,Pencil,paper,150,,Drawings and Black and White Prints,,
The Dance,11,14,2007,Pencil ,paper,150,,Drawings and Black and White Prints,,
The Hall,11,14,2007,Pencil,paper,150,,Drawings and Black and White Prints,,
The Library,11,14,2007,Pencil,paper,150,,Drawings and Black and White Prints,,
The Parade,11,14,2007,Ink ,paper,150,,Drawings and Black and White Prints,,
The Road to the Market,11,14,2007,Pencil,paper,150,,Drawings and Black and White Prints,,
The Tall Tale,11,14,2007,Ink,paper,150,TRUE,Drawings and Black and White Prints,,
The Waiting Room,11,14,2007,Pencil,paper,150,,Drawings and Black and White Prints,,
They Could Not Be Caught,11,14,2007,Pencil,paper,150,,Drawings and Black and White Prints,,
They Talked of Religion,11,14,2007,Pencil,paper,150,,Drawings and Black and White Prints,,
They Thought About the Day Over Coffee,11,14,2007,Pencil,paper,150,,Drawings and Black and White Prints,,
They Waited,11,14,2007,Pencil,paper,150,,Drawings and Black and White Prints,,
Travel Picture,11,14,2007,Pencil,paper,150,,Drawings and Black and White Prints,,
Trump at Mount Rushmore,11,14,2020,Pen and Ink,paper,150,,Drawings and Black and White Prints,,
Under the Bridge,11,14,2007,Pencil,paper,150,,Drawings and Black and White Prints,,
Under the Island,11,14,2007,Pencil ,paper,150,,Drawings and Black and White Prints,,
While he Sat his Thoughts Wondered,11,14,2007,Ink ,paper,150,,Drawings and Black and White Prints,,
Wrestlers,11,14,2007,Ink ,paper,150,,Drawings and Black and White Prints,,
"WWI Soldier, Reaction to Gross Print",6.5,10,2017,Reed and Ink,paper,150,,Drawings and Black and White Prints,,
7 16 09 Morning,8,10,2009,Watercolor,paper,210,,Field and Lakes,,
7 23 09 Morning,8,10,2009,Watercolor,paper,250,,Field and Lakes,,
7 24 09 Morning,8,10,2009,Watercolor,paper,210,,Field and Lakes,,
7 24 09 Sunset,8,10,2009,Watercolor,paper,210,,Field and Lakes,,
Assunpink Fall Weeds,16,24,2014,Acrylic,canvas,960,,Field and Lakes,,
"Assunpink Lake, Evening",8,10,2020,Oil pastel,canvas,250,,Field and Lakes,,
Assunpink Stone Tavern Lake,18,24,2009,Acrylic,canvas,1000,,Field and Lakes,,
Assunpink Summer Fields,11,14,2015,Watercolor,paper,400,,Field and Lakes,,
"Back Pasture, San Antonio",11,14,2017,Acrylic,canvas,400,,Field and Lakes,,
Blueberry Irrigation Pond,16,20,2003,Oil,canvas,800,,Field and Lakes,288,
Brown Field,11,14,0,Watercolor,paper,400,,Field and Lakes,,
Camp Fire,10,10,2017,acrylic,canvas,,TRUE,Field and Lakes,,
Camp Fire 2,10,10,2017,Acrylic,canvas,260,,Field and Lakes,,
Camp Fire 3,10,10,2017,Acrylic,canvas,,TRUE,Field and Lakes,,
Clay Print 4,11,14,2010,Clay,fabric,400,,Field and Lakes,,
Dancing Fall Shadows,12,16,2020,Acrylic,canvas,500,,Field and Lakes,,
"December Field, Dawn",12,16,2021,Acrylic,canvas,500,,Field and Lakes,,
"Delaware Water Gap, Fall Field",11,14,0,Watercolor,paper,400,,Field and Lakes,,
Dorsey's Fishing Place,11,14,0,Watercolor,paper,,TRUE,Field and Lakes,,
Early Fall Meadow,11,14,0,Watercolor,paper,400,,Field and Lakes,,
Early Summer Corn Field,11,14,0,Watercolor,paper,400,,Field and Lakes,,
Empty Box Creek,9,12,0,pastel,paper,400,,Field and Lakes,,
Etra Lake Path,6,8,1997,Pastel,paper,210,,Field and Lakes,,
Fall Entrance to Field,20,20,2020,Acrylic,canvas,1000,,Field and Lakes,,
Fall Entrance to Field 2,20,20,2020,Acrylic,canvas,1000,,Field and Lakes,,
"Fall, Into the Woods",20,20,2020,Acrylic,canvas,1000,,Field and Lakes,,
Field in Early Morning Light,11,14,0,Watercolor,paper,400,,Field and Lakes,,
Haddonfield Bridge,11,14,2015,Watercolor,paper,400,,Field and Lakes,,
Laurita Winery 2,4.5,6,2009,Watercolor,Paper,210,,Field and Lakes,,
"Luarita Winery, 6",4.5,6,2009,Watercolor,Paper,210,,Field and Lakes,,
Millstone Watershed Pond,7,9,1998,pastel,paper,210,,Field and Lakes,,
New Jersey Farm 1,6.5,8,1991,pastel,paper,210,,Field and Lakes,14,
New Jersey Farm House ,9.5,12,1991,pastel,paper,400,,Field and Lakes,16,
New Jersey Farm House 2,9,12,1991,Pastel,Paper,400,,Field and Lakes,,
Night Field,8,10,2020,Oil pastel,canvas,250,,Field and Lakes,,
Night Music,12,16,2020,Acrylic,canvas,500,,Field and Lakes,,
Night Path to Woods,8,10,2020,Oil pastel,canvas,250,,Field and Lakes,,
NJ Farm,7,9,1996,pastel,paper,210,,Field and Lakes,,
November Rain,20,20,2021,Acrylic,canvas,1000,,Field and Lakes,,
Ocky Cabin,4,5.5,2007,pastel,paper,210,,Field and Lakes,209,
Ocky Dock,8,10,2007,Watercolor,paper,,,Field and Lakes,,
Ocky Dock 2,8,10,2007,Watercolor,paper,,,Field and Lakes,,
Ocky Fall Dock,8,10,2007,Watercolor,paper,210,,Field and Lakes,,
October Blue Moon,18,24,2021,Acrylic,canvas,1000,,Field and Lakes,,
PCS Assunpink House,4.5,6,1995,pastel,paper,210,,Field and Lakes,61,
PCS Assunpink Tree,4.5,6,1995,pastel,paper,210,,Field and Lakes,55,
PCS Farm Field 2,4.5,6,1995,pastel,paper,210,,Field and Lakes,47,
PCS Farm Field 3,4.5,6,1995,pastel,paper,210,,Field and Lakes,46,
PCS Farm Field 4,4.5,6,1995,pastel,paper,210,,Field and Lakes,48,
PCS Farm Field 5,4.5,6,1995,pastel,paper,210,,Field and Lakes,49,
PCS Farm Field 7,4.5,6,1995,pastel,paper,210,,Field and Lakes,45,
PCS Farm Field 8,4.5,6,1995,pastel,paper,210,,Field and Lakes,52,
PCS Farm Gate,5,6,1995,pastel,paper,210,,Field and Lakes,44,
PCS Farm Road ,4.5,6,1995,pastel,paper,210,,Field and Lakes,41,
PCS Farm Road 2,4.5,6,1995,pastel,paper,210,,Field and Lakes,47,
PCS Farm Road 3,6,5,1995,pastel,paper,210,,Field and Lakes,43,
PCS Fishing Camp Fall,4.5,6.5,1996,pastel,paper,210,,Field and Lakes,112,
PCS Fishing Camp Fall 2,5,6,1995,pastel,paper,210,,Field and Lakes,,
PCS Organic Farm Stand,4.5,6,1995,pastel,paper,210,,Field and Lakes,62,
PCS Summer Camp Bridge,4.5,6,1996,pastel,paper,210,,Field and Lakes,,
Pennsylvania Fishing Camp,10,13,1998,pastel,paper,325,,Field and Lakes,294,
River Reflections 1,7,10,2012,pastel,paper,400,,Field and Lakes,446,
River Reflections 2,7,10,2012,pastel,paper,400,,Field and Lakes,447,
"Roosevelt Field, Sunrise",4.5,6,2009,Watercolor,Paper,210,,Field and Lakes,,
San Antonio Aqueduct,24,15.5,2016,Acrylic,canvas,1000,,Field and Lakes,,
"Spillway, Allaire State Park",14,11,2001,pastel,paper,400,,Field and Lakes,298,
St Mary's Co. Barn,8,10,1976,Watercolor,paper,210,,Field and Lakes,,
Stone Tavern Lake Morning,8,10,2008,Watercolor,Paper,210,,Field and Lakes,,
Stone Tavern Lake Morning 2,8,10,2009,Watercolor,Paper,210,,Field and Lakes,,
Summer Camp,9,13,2008,Acrylic,paper,,,Field and Lakes,,
Summer Greens,11,14,2015,pastel,paper,400,,Field and Lakes,,
"Sunrise, Stone Tavern Lake 2",8,10,2009,Watercolor,Paper,210,,Field and Lakes,,
"Sunrise, Sunset 2008 I",8,10,2008,Watercolor,paper,210,,Field and Lakes,,
"Sunrise, Sunset 2008 II",8,10,2008,Watercolor,paper,210,,Field and Lakes,,
"Sunrise, Sunset 2008 III",8,10,2008,Watercolor,paper,210,,Field and Lakes,,
"Sunrise, Sunset 2008 IV",8,10,2008,Watercolor,paper,210,,Field and Lakes,,
"Sunrise, Sunset 2008 IX",8,10,2008,Watercolor,paper,210,,Field and Lakes,,
"Sunrise, Sunset 2008 V",8,10,2008,Watercolor,paper,210,,Field and Lakes,,
"Sunrise, Sunset 2008 VI",8,10,2008,Watercolor,paper,210,,Field and Lakes,,
"Sunrise, Sunset 2008 VII",8,10,2008,Watercolor,paper,210,,Field and Lakes,,
"Sunrise, Sunset 2008 VIII",8,10,2008,Watercolor,paper,210,,Field and Lakes,,
"Sunrise, Sunset 2008 X",8,10,2008,Watercolor,paper,210,,Field and Lakes,,
"Sunrise, Sunset 2008 XI",8,10,2008,Watercolor,paper,210,,Field and Lakes,,
"Sunrise, Sunset 2008 XII",8,10,2008,Watercolor,paper,210,,Field and Lakes,,
"Sunrise, Sunset 2008 XIII",8,10,2008,Watercolor,paper,210,,Field and Lakes,,
"Sunrise, Sunset 2008 XIV",8,10,2008,Watercolor,paper,210,,Field and Lakes,,
"Sunrise, Sunset 2008 XIX",8,10,2008,Watercolor,paper,210,,Field and Lakes,,
"Sunrise, Sunset 2008 XV",8,10,2008,Watercolor,paper,210,,Field and Lakes,,
Swimming Area Boundries,7,9,2008,Acrylic,canvas,,,Field and Lakes,,
"Terhune Orchard, Apple Trees",12,16,2017,Acrylic,canvas,500,,Field and Lakes,,
"Terhune Orchard, Cherries",12,16,2017,Acrylic,canvas,500,,Field and Lakes,,
The Lake at Ocky,8,10,2008,Acrylic,paper,,,Field and Lakes,,
A Walk in the Woods,11,14,0,Acrylic,canvas,,TRUE,Forest Path,,
AT Path,16,12,2020,Acrylic,canvas,500,,Forest Path,,
Autumn Reflections,10,10,2019,Acrylic,canvas,,TRUE,Forest Path,,
Dancing Stream,16,12,2020,Acrylic,canvas,500,,Forest Path,,
Deer in the Woods,10,8,2012,pastel,paper,250,,Forest Path,,
"Delaware Water Gap, Fall Woods",11,14,2016,Watercolor,paper,,TRUE,Forest Path,,
"Delaware Water Gap, Stream 2",18,24,0,Acrylic,canvas,1000,,Forest Path,,
Emerald Pool Plein Aire,11,14,2016,Watercolor,paper,400,,Forest Path,,
Fall Ferns,12,16,2020,Acrylic,canvas,500,,Forest Path,,
Fall Mountain Stream,11,14,2016,Watercolor,paper,400,,Forest Path,,
Forest Bathing,11,14,2014,Acrylic,canvas,400,,Forest Path,,
Grid Landscape,8,10,2013,Watercolor,paper,,TRUE,Forest Path,,
Hiking in the Mountains,8,10,2011,Watercolor,paper,210,,Forest Path,,
Mending Walls,8,10,2015,Acrylic,canvas,250,,Forest Path,,
Mike's Waterfall on the AT,10.5,13.5,2020,Mono print,paper,400,,Forest Path,,
Moss NH,10,10,2019,Acrylic,canvas,260,,Forest Path,,
Mountain Falls,8,10,2018,Acrylic,canvas,250,,Forest Path,,
My November Guest,8,10,2015,Acrylic,canvas,250,,Forest Path,,
New Jersey Stream,10,13,2000,pastel,paper,325,,Forest Path,190,
New Jersey Trout Stream 1,11,14,2000,pastel,paper,400,,Forest Path,,
NJ Trout Stream 2,20,16,1998,Pastel,Paper,500,,Forest Path,,
NJ Trout Stream 3,16,20,1998,pastel,paper,800,,Forest Path,309,
NJ Woods,11,14,2001,pastel,paper,400,,Forest Path,213,
North NJ Trout Stream Bridge,16,20,2000,pastel,paper,800,,Forest Path,293,
North NJ Trout Stream Bridge 2,11,14,2000,pastel,paper,400,,Forest Path,,
Path to Emerald Pool 2,12,16,2019,Acrylic,canvas,500,,Forest Path,,
PCS Red Woods,4.5,6.5,1997,pastel,paper,,TRUE,Forest Path,109,
Printed Landscape,11,14,1986,Print,Paper,400,,Forest Path,,
Roosevelt Trail,11,14,2016,Acrylic,canvas,,TRUE,Forest Path,,
Roosevelt Trail 1,8,10,2018,Acrylic,Canvas,250,,Forest Path,,
Roosevelt Walk in the Woods 2,18,24,2009,Acrylic,canvas,1000,,Forest Path,329,
Roosevelt Woods,10,10,2017,Acrylic,canvas,260,,Forest Path,,
"Roosevelt Woods, Late Afternoon",18,24,2009,Acrylic,canvas,1000,,Forest Path,,
Rutgers Garden Woods,8,10,2018,Acrylic,canvas,250,,Forest Path,,
Stepping Stones,10,10,2015,Acrylic,Canvas,260,,Forest Path,,
Sunrise Mountain,11,14,2016,Watercolor,paper,400,,Forest Path,,
"Sunrise Mountain, Plein Aire",11,14,2016,Watercolor,paper,400,,Forest Path,,
Sunset Pikes Peak,11,14,2008,colored pencil,paper,300,,Forest Path,,
The Encounter in the Woods,8,10,2008,pastel,paper,,TRUE,Forest Path,,
Tillman Ravine Fall Stream,10,10,2016,Acrylic,canvas,,TRUE,Forest Path,,
Tillman Ravine Fall Stream 2,10,10,2016,Acrylic,canvas,260,,Forest Path,,
Tillman Ravine Fall Stream 3,10,10,2016,Acrylic,canvas,,TRUE,Forest Path,,
Tillman Ravine Fall Stream 4,10,10,2016,Acrylic,canvas,,TRUE,Forest Path,,
Tillman Ravine Fall Stream 5,10,10,2016,Acrylic,canvas,,TRUE,Forest Path,,
Two Roads Divided in a Yellow Woods,18,24,2016,Acrylic,canvas,1000,,Forest Path,,
Winter Woods,8,10,2009,mix media,paper,210,,Forest Path,,
Woodland Path,11,14,2018,Acrylic,canvas,400,,Forest Path,,
"Woodland Trail, January Shadows",12,16,2021,Acrylic,canvas,500,,Forest Path,,
"Woodland Trail, January Shadows 2",12,16,2021,Acrylic,canvas,500,,Forest Path,,
7 16 09 Evening,8,10,2009,Watercolor,paper,210,,Gardens,,
Back Garden Tea House,6,9.5,1994,pastel,paper,300,,Gardens,70,
Bridge at Brookside Gardens Fall,16,21,1989,pastel,paper,840,,Gardens,21,
Bridge Sayen Garden,10,13.5,2000,pastel,paper,400,,Gardens,120,
Brookside Fall Bridge,15,24,1989,pastel,paper,900,,Gardens,21,
Brookside Fall Walk,15,22,1989,pastel,paper,825,,Gardens,29,
Brookside Greenhouse,9.5,12.5,1993,Pastel,Paper,400,,Gardens,,
Brookside Path,7,9,1989,pastel,paper,250,,Gardens,,
Brookside Stream,11,14,1989,pastel,paper,400,,Gardens,25,
Brookside Stream Fall 1,14,11,1989,pastel,paper,400,,Gardens,24,
Brookside Summer,7,10,1993,pastel,paper,400,,Gardens,6,
Brookside Tulips,15,18,1989,pastel,paper,675,,Gardens,77,
Brookside Winter Walk 2,19,22,1989,pastel,paper,1000,,Gardens,37,
"Brookside, Winter Walk",18,24,1989,pastel,paper,1000,,Gardens,26,
Dumbarton Oaks Summer Path II,9,12,1986,Pastel,Paper,400,,Gardens,,
"Fall Bridge, Brookside",9,12,1989,pastel,paper,350,,Gardens,71,
"Fall Leaves, Brookside",11,14,1989,pastel,paper,400,,Gardens,36,
Garden Path,8,10,2019,Acrylic,paper,250,,Gardens,,
Garden Tour Painting,11,14,2014,Watercolor,paper,400,,Gardens,,
Kensington Late Summer,10,13,1989,pastel,paper,400,,Gardens,72,
Kirk and Susan's Garden,11,14,2016,Watercolor ,paper,,TRUE,Gardens,,
Kirk and Susan's Garden 2,11,14,2016,Watercolor,paper,,TRUE,Gardens,,
Kirk and Susan's Garden 3,11,14,2106,Watercolor,paper,,TRUE,Gardens,,
Kirk and Susan's Garden 4,11,14,2016,Watercolor ,paper,,TRUE,Gardens,,
Kirk and Susan's Garden 5,11,14,2016,Watercolor,paper,,TRUE,Gardens,,
Kirk and Susan's Garden 6,11,14,2106,Watercolor,paper,,TRUE,Gardens,,
Kuser Mansion,11,14,2016,Acrylic,Canvas,400,,Gardens,,
Kuser Mansion 2,11,14,2016,Acrylic,canvas,400,,Gardens,,
Kuser Mansion Plein Aire,11,14,2016,Acrylic,canvas,400,,Gardens,,
"McCrillis, Spring Garden",11,16,1989,pastel,paper,440,,Gardens,33,
My Garden,11,8.5,2011,Acrylic,canvas,320,,Gardens,,
National Arboretum Beech Pond,23,35,1989,pastel,paper,1000,,Gardens,22,
National Arboretum Creek,10,12.5,1989,pastel,paper,400,,Gardens,,
National Arboretum Fall,13,13,1989,pastel,paper,460,,Gardens,11,
National Arboretum Pavillian ,8,12,1989,pastel,paper,250,,Gardens,10,
"National Arboretum, Azalea Garden 1",11,14,1989,pastel,paper,400,,Gardens,27,
"National Arboretum, Azalea Garden 2",10,13,1989,pastel,paper,400,,Gardens,28,
"National Arboretum, Early Spring",10,13,1989,Pastel,Paper,400,,Gardens,32,
,,,,,,,,,,
Orangery Dumbarton Oaks,20,13,1987,Pastel,Paper,800,,Gardens,,
"Patio, Dumbarton Oaks",14,20,1991,pastel,paper,700,,Gardens,3,
PCS Cathedral Garden Door,4.5,6,1996,Pastel,Paper,210,,Gardens,,
"PCS Cathedral Garden Gate, Winter 1",4.5,6,1995,pastel,paper,210,,Gardens,104,
"PCS Cathedral Garden Gate, Winter 2",4.5,6,1994,pastel,paper,210,,Gardens,,
"PCS Cathedral Garden, Winter 2",4.5,6,1996,Pastel,Paper,210,,Gardens,,
"PCS Cathedral Garden, Winter 1",6.5,4.5,1996,pastel,paper,210,,Gardens,111,
PCS Cathedral Gate Winter,4.5,6,1998,Pastel,Paper,210,,Gardens,,
PCS Dumbarton Oaks Fountain,4.5,6,1993,pastel,paper,210,,Gardens,5,
"PCS Dumbarton Oaks, Orangery",5,6,1995,pastel,paper,210,,Gardens,64,
PCS Garden Door II,4.5,6,1996,pastel,paper,210,,Gardens,63,
,,,,,,,,,,
PCS Garden Fountain 2,4.5,6,1994,pastel,paper,210,,Gardens,69,
PCS Garden Pond,4.5,6,1994,pastel,paper,210,,Gardens,65,
PCS Hemlock Grove,5,7,1996,pastel,paper,210,,Gardens,96,
PCS Rose Garden Path ,5,6.5,1996,pastel,paper,210,,Gardens,113,
PCS Winter Colors Brookside,4.5,6,1996,pastel,paper,210,,Gardens,114,
PCS Yellow Dogwood,5,6.5,1996,pastel,paper,210,,Gardens,116,
Perennial Gardens,13,19,1989,Pastel,Paper,800,,Gardens,,
Pleasant Run Garden,11,14,2015,Watercolor,paper,400,,Gardens,,
"Rose Garden, Brookside",15,22,1989,pastel,paper,825,,Gardens,34,
Rutger's Garden Plein Aire,8,10,2017,Acrylic,canvas,250,,Gardens,,
"Rutger's Garden, Herb Garden",8,10,2018,Acrylic,canvas,250,,Gardens,,
Rutger's Gardens Early Spring,11,14,2018,Acrylic,canvas,400,,Gardens,,
Rutger's Gardens Early Spring Path,12,16,2018,Acrylic,canvas,500,,Gardens,,
Rutgers Garden Woods,8,10,2018,Acrylic,paper,250,,Gardens,,
Sayen Garden Fountain,11,14,2016,Watercolor,paper,400,,Gardens,,
Sayen Gardens,16,20,2000,pastel,paper,800,,Gardens,291,
Sharp's Garden Bird Bath,11,14,2013,Watercolor,paper,400,,Gardens,,
Sharp's Garden Notes,11,14,2013,Watercolor,paper,400,,Gardens,,
Sharp's Garden Patio,11,14,2013,Watercolor,paper,400,,Gardens,,
Sharp's Pink Lawn Chairs,11,14,2013,Watercolor,paper,400,,Gardens,,
Spring Brookside,22,18,1993,pastel,paper,1000,,Gardens,,
Spring Trail,16,20,1989,Oil,Canvas,800,,Gardens,299,
,,,,,,,,,,
"Summer Path, Dumbarton Oaks",9.5,14,1989,pastel,paper,350,,Gardens,76,
Summer Stage,11,14,1989,pastel,paper,400,,Gardens,39,
Tea House,25,19,1989,pastel,paper,1000,,Gardens,,
Tea House at Brookside,10,20,1990,pastel,paper,500,,Gardens,74,
Thompson-Neely House,11,14,2016,Acrylic,canvas,400,,Gardens,,
Walford Rocker,8,10,2017,Acrylic,canvas,250,,Gardens,,
Woodend Hemlock Grove 1,19,25,1989,pastel,paper,1000,,Gardens,20,
Woodend Hemlock Grove 2,25,19,1989,pastel,paper,1000,,Gardens,38,
"Cottonwood Loop, Deer 1",8,10,2021,Acrylic,Canvas,250,,Homestead National Historic Park AIR,,
"Cottonwood Loop, Deer 2",8,10,2021,Acrylic,Canvas,250,,Homestead National Historic Park AIR,,
Cub Creek Heron in Flight,12,16,2021,Acrylic,Canvas,500,,Homestead National Historic Park AIR,,
"Cub Creek, Deer 1",8,10,2021,Acrylic,Canvas,250,,Homestead National Historic Park AIR,,
"Cub Creek, Deer 2",8,10,2021,Acrylic,Canvas,250,,Homestead National Historic Park AIR,,
"Cub Creek, Deer 3",8,10,2021,Acrylic,Canvas,250,,Homestead National Historic Park AIR,,
"Cub Creek, Deer 4",8,10,2021,Acrylic,Canvas,250,,Homestead National Historic Park AIR,,
"Cub Creek, Deer 5",8,10,2021,Acrylic,Canvas,250,,Homestead National Historic Park AIR,,
"Deer Count, Photographer 1",8,10,2021,Acrylic,Paper/Matted,90,,Homestead National Historic Park AIR,,
"Deer Count, Photographer 2",8,10,2021,Acrylic,Paper/Matted,90,,Homestead National Historic Park AIR,,
"Deer Count, Photographer 3",8,10,2021,Acrylic,Paper/Matted,90,,Homestead National Historic Park AIR,,
"Deer Count, Photographer 4",8,10,2021,Acrylic,Paper/Matted,90,,Homestead National Historic Park AIR,,
"Deer Count, Ranger Hunter 1",8,10,2021,Acrylic,Paper/Matted,90,,Homestead National Historic Park AIR,,
"Deer Count, Ranger Hunter 2",8,10,2021,Acrylic,Paper/Matted,90,,Homestead National Historic Park AIR,,
"Deer Count, Ranger Hunter 3",8,10,2021,Acrylic,Paper/Matted,90,,Homestead National Historic Park AIR,,
"Deer Count, Ranger Hunter 4",8,10,2021,Acrylic,Paper/Matted,90,,Homestead National Historic Park AIR,,
"Deer Count, Ranger Hunter 5",8,10,2021,Acrylic,Paper/Matted,90,,Homestead National Historic Park AIR,,
"Deer Count, Ranger Hunter 6",8,10,2021,Acrylic,Paper/Matted,90,,Homestead National Historic Park AIR,,
"Deer Count, Ranger Jesse 1",8,10,2021,Acrylic,Paper/Matted,90,,Homestead National Historic Park AIR,,
"Deer Count, Ranger Jesse 2",8,10,2021,Acrylic,Paper/Matted,90,,Homestead National Historic Park AIR,,
"Deer Count, Ranger Jessica 1",8,10,2021,Acrylic,Paper/Matted,90,,Homestead National Historic Park AIR,,
"Deer Count, Ranger Jessica 2",8,10,2021,Acrylic,Paper/Matted,90,,Homestead National Historic Park AIR,,
"Deer Count, Ranger Jessica 3",8,10,2021,Acrylic,Paper/Matted,90,,Homestead National Historic Park AIR,,
"Deer Count, Volunteer 1",8,10,2021,Acrylic,Paper/Matted,90,,Homestead National Historic Park AIR,,
"Deer Count, Volunteer 2",8,10,2021,Acrylic,Paper/Matted,90,,Homestead National Historic Park AIR,,
"Deer Count, Volunteer 3",8,10,2021,Acrylic,Paper/Matted,90,,Homestead National Historic Park AIR,,
"Deer Count, Volunteer 4",8,10,2021,Acrylic,Paper/Matted,90,,Homestead National Historic Park AIR,,
"Deer Count, Volunteer 5",8,10,2021,Acrylic,Paper/Matted,90,,Homestead National Historic Park AIR,,
Deer in Field,8,10,2021,Acrylic,Paper/Matted,90,,Homestead National Historic Park AIR,,
Heritage Center in Moonlight,12,16,2021,Acrylic,Canvas,500,,Homestead National Historic Park AIR,,
Homestead Cabin,12,16,2021,Acrylic,Canvas,500,,Homestead National Historic Park AIR,,
Homestead Cabin in Moonlight,12,16,2021,Acrylic,Canvas,500,,Homestead National Historic Park AIR,,
Homestead Deer Count,18,24,2021,Acrylic,Canvas,1000,,Homestead National Historic Park AIR,,
Homestead Loop Trail,12,16,2021,Acrylic,Canvas,500,,Homestead National Historic Park AIR,,
"Loop Trail, Near Cub Creek",12,16,2021,Acrylic,Canvas,500,,Homestead National Historic Park AIR,,
"Monarch, Praire Migration",12,16,2021,Acrylic,Canvas,500,,Homestead National Historic Park AIR,,
Morning Mist,12,16,2021,Acrylic,Canvas,500,,Homestead National Historic Park AIR,,
Pheasant in Flight 1,8,10,2021,Acrylic,Paper/Matted,90,,Homestead National Historic Park AIR,,
Pheasant in Flight 2,8,10,2021,Acrylic,Paper/Matted,90,,Homestead National Historic Park AIR,,
Pheasant in Flight 3,8,10,2021,Acrylic,Paper/Matted,90,,Homestead National Historic Park AIR,,
Pheasant in Flight 4,8,10,2021,Acrylic,Paper/Matted,90,,Homestead National Historic Park AIR,,
Pheasant in Flight 5,8,10,2021,Acrylic,Paper/Matted,90,,Homestead National Historic Park AIR,,
Praire,8,10,2021,Acrylic,Paper/Matted,90,,Homestead National Historic Park AIR,,
Praire Skies Sunset 1,11,14,2021,Pastel,Paper/Matted,400,,Homestead National Historic Park AIR,,
Praire Skies Sunset 2,11,14,2021,Watercolor,Paper/Matted,400,,Homestead National Historic Park AIR,,
Praire Skies Sunset 3,11,14,2021,Watercolor,Paper/Matted,400,,Homestead National Historic Park AIR,,
Praire Skies Sunset 4,14,11,2021,Watercolor,Paper/Matted,400,,Homestead National Historic Park AIR,,
Sunrise Over Grain Hwy,12,16,2021,Acrylic,Canvas,500,,Homestead National Historic Park AIR,,
Icarus1,,,0,Clear Tape Sculpture,Tape,,,Icarus,,
Icarus3,,,0,Clear Tape Sculpture,Tape,,,Icarus,,
Icarus9,,,0,Clear Tape Sculpture,Tape,,,Icarus,,
Camels,6,6.5,2011,Watercolor,paper,100,,Illustrations,,
Camels with School Children,6,6.5,2011,Watercolor,paper,100,,Illustrations,,
Fighting Fires,8,10,2011,Watercolor,paper,210,,Illustrations,,
Happy and Doc at a Birthday Party,11,14,2012,Watercolor,paper,100,,Illustrations,,
"New Clothes, Aug 30th",8,10,2016,Watercolor,paper,210,,Illustrations,,
Peguins,8,10,2012,Watercolor,paper,210,,Illustrations,,
Pony Express Rider,11,14,2010,Watercolor,paper,100,,Illustrations,,
Princeton Trader Joe Poster 1,11,14,2013,Watercolor,paper,,,Illustrations,,
Princeton Trader Joe Poster 2,11,14,2013,Watercolor,paper,,,Illustrations,,
Scary Clowns Dancing,8,10,2011,Watercolor,paper,210,,Illustrations,,
Mom and Dad Dancing 1,5,7,2019,Acrylic,paper,,,"Mom and Dad Dancing, the Movie",,
Mom and Dad Dancing 10,5,7,2019,Acrylic,paper,,,"Mom and Dad Dancing, the Movie",,
Mom and Dad Dancing 11,5,7,2019,Acrylic,paper,,,"Mom and Dad Dancing, the Movie",,
Mom and Dad Dancing 12,5,7,2019,Acrylic,paper,,,"Mom and Dad Dancing, the Movie",,
Mom and Dad Dancing 13,5,7,2019,Acrylic,paper,,,"Mom and Dad Dancing, the Movie",,
Mom and Dad Dancing 14,5,7,2019,Acrylic,paper,,,"Mom and Dad Dancing, the Movie",,
Mom and Dad Dancing 15,5,7,2019,Acrylic,paper,,,"Mom and Dad Dancing, the Movie",,
Mom and Dad Dancing 16,5,7,2019,Acrylic,paper,,,"Mom and Dad Dancing, the Movie",,
Mom and Dad Dancing 17,5,7,2019,Acrylic,paper,,,"Mom and Dad Dancing, the Movie",,
Mom and Dad Dancing 18,5,7,2019,Acrylic,paper,,,"Mom and Dad Dancing, the Movie",,
Mom and Dad Dancing 19,5,7,2019,Acrylic,paper,,,"Mom and Dad Dancing, the Movie",,
Mom and Dad Dancing 2,5,7,2019,Acrylic,paper,,,"Mom and Dad Dancing, the Movie",,
Mom and Dad Dancing 20,5,7,2019,Acrylic,paper,,,"Mom and Dad Dancing, the Movie",,
Mom and Dad Dancing 3,5,7,2019,Acrylic,paper,,,"Mom and Dad Dancing, the Movie",,
Mom and Dad Dancing 4,5,7,2019,Acrylic,paper,,,"Mom and Dad Dancing, the Movie",,
Mom and Dad Dancing 5,5,7,2019,Acrylic,paper,,,"Mom and Dad Dancing, the Movie",,
Mom and Dad Dancing 6,5,7,2019,Acrylic,paper,,,"Mom and Dad Dancing, the Movie",,
Mom and Dad Dancing 7,5,7,2019,Acrylic,paper,,,"Mom and Dad Dancing, the Movie",,
Mom and Dad Dancing 8,5,7,2019,Acrylic,paper,,,"Mom and Dad Dancing, the Movie",,
Mom and Dad Dancing 9,5,7,2019,Acrylic,paper,,,"Mom and Dad Dancing, the Movie",,
Mom and Dad's Wedding 1,5,7,2019,Acrylic,paper,,,Mom and Dad's Wedding Movie,,
Mom and Dad's Wedding 10,5,7,2019,Acrylic,paper,,,Mom and Dad's Wedding Movie,,
Mom and Dad's Wedding 11,5,7,2019,Acrylic,paper,,,Mom and Dad's Wedding Movie,,
Mom and Dad's Wedding 12,5,7,2019,Acrylic,paper,,,Mom and Dad's Wedding Movie,,
Mom and Dad's Wedding 13,5,7,2019,Acrylic,paper,,,Mom and Dad's Wedding Movie,,
Mom and Dad's Wedding 14,5,7,2019,Acrylic,paper,,,Mom and Dad's Wedding Movie,,
Mom and Dad's Wedding 15,5,7,2019,Acrylic,paper,,,Mom and Dad's Wedding Movie,,
Mom and Dad's Wedding 16,5,7,2019,Acrylic,paper,,,Mom and Dad's Wedding Movie,,
Mom and Dad's Wedding 17,5,7,2019,Acrylic,paper,,,Mom and Dad's Wedding Movie,,
Mom and Dad's Wedding 2,5,7,2019,Acrylic,paper,,,Mom and Dad's Wedding Movie,,
Mom and Dad's Wedding 3,5,7,2019,Acrylic,paper,,,Mom and Dad's Wedding Movie,,
Mom and Dad's Wedding 4,5,7,2019,Acrylic,paper,,,Mom and Dad's Wedding Movie,,
Mom and Dad's Wedding 5,5,7,2019,Acrylic,paper,,,Mom and Dad's Wedding Movie,,
Mom and Dad's Wedding 6,5,7,2019,Acrylic,paper,,,Mom and Dad's Wedding Movie,,
Mom and Dad's Wedding 7,5,7,2019,Acrylic,paper,,,Mom and Dad's Wedding Movie,,
Mom and Dad's Wedding 8,5,7,2019,Acrylic,paper,,,Mom and Dad's Wedding Movie,,
Mom and Dad's Wedding 9,5,7,2019,Acrylic,paper,,,Mom and Dad's Wedding Movie,,
Mom Dancing 1,5,7,2019,Acrylic,paper,,,"Mom Dancing, the Movie",,
Mom Dancing 10,5,7,2019,Acrylic,paper,,,"Mom Dancing, the Movie",,
Mom Dancing 11,5,7,2019,Acrylic,paper,,,"Mom Dancing, the Movie",,
Mom Dancing 12,5,7,2019,Acrylic,paper,,,"Mom Dancing, the Movie",,
Mom Dancing 13,5,7,2019,Acrylic,paper,,,"Mom Dancing, the Movie",,
Mom Dancing 14,5,7,2019,Acrylic,paper,,,"Mom Dancing, the Movie",,
Mom Dancing 15,5,7,2019,Acrylic,paper,,,"Mom Dancing, the Movie",,
Mom Dancing 16,5,7,2019,Acrylic,paper,,,"Mom Dancing, the Movie",,
Mom Dancing 17,5,7,2019,Acrylic,paper,,,"Mom Dancing, the Movie",,
Mom Dancing 18,5,7,2019,Acrylic,paper,,,"Mom Dancing, the Movie",,
Mom Dancing 19,5,7,2019,Acrylic,paper,,,"Mom Dancing, the Movie",,
Mom Dancing 2,5,7,2019,Acrylic,paper,,,"Mom Dancing, the Movie",,
Mom Dancing 20,5,7,2019,Acrylic,paper,,,"Mom Dancing, the Movie",,
Mom Dancing 21,5,7,2019,Acrylic,paper,,,"Mom Dancing, the Movie",,
Mom Dancing 3,5,7,2019,Acrylic,paper,,,"Mom Dancing, the Movie",,
Mom Dancing 4,5,7,2019,Acrylic,paper,,,"Mom Dancing, the Movie",,
Mom Dancing 5,5,7,2019,Acrylic,paper,,,"Mom Dancing, the Movie",,
Mom Dancing 6,5,7,2019,Acrylic,paper,,,"Mom Dancing, the Movie",,
Mom Dancing 7,5,7,2019,Acrylic,paper,,,"Mom Dancing, the Movie",,
Mom Dancing 8,5,7,2019,Acrylic,paper,,,"Mom Dancing, the Movie",,
Mom Dancing 9,5,7,2019,Acrylic,paper,,,"Mom Dancing, the Movie",,
Drawing area,,,0,,,,,New Studio,,
License and George,,,0,,,,,New Studio,,
Mom's Birds come to roost,,,0,,,,,New Studio,,
Print press on porch,,,0,,,,,New Studio,,
Shed is delivered,,,0,,,,,New Studio,,
View of shed,,,0,,,,,New Studio,,
Allentown Street Scene,5,7,2012,Acrylic,paper,,TRUE,NJ Towns and Shops,,
"Bruno's Bicycle, Bruno at Front Counter",11,14,2013,Watercolor,paper,400,,NJ Towns and Shops,,
"Bruno's Bicycle, Dog Bar",11,14,2013,Watercolor,paper,400,,NJ Towns and Shops,,
"Bruno's Bicycle, Front Window",11,14,2013,Watercolor,paper,400,,NJ Towns and Shops,,
"Bruno's Bicycle, One Sweet Ride Candy Shop",11,14,2013,Watercolor,paper,400,,NJ Towns and Shops,,
House of Virginia Ave.,11,14,2014,Watercolor,paper,400,,NJ Towns and Shops,,
Laurita Winery 5,8,10,2009,Watercolor,paper,210,,NJ Towns and Shops,,
Mill Pond,8,10,1999,Watercolor,paper,,TRUE,NJ Towns and Shops,,
My Street Fall,4,6,2012,Watercolor,paper,210,,NJ Towns and Shops,,
Archery,8,10,2009,Watercolor,paper,210,,Ocky,,
Camp Canoe,8,10,2010,Watercolor,paper,210,,Ocky,,
Dinning Hall Window,8,10,2008,Mix Media,paper,,,Ocky,,
"Mike, Rope Bridge, Ocky",8,10,2011,Watercolor,paper,210,,Ocky,,
Ocky Boats,8,10,2007,pastel,paper,,,Ocky,,
Ocky Cabin,8,10,2007,Acrylic,paper,,,Ocky,,
Ocky Dock,8,10,2007,Watercolor,paper,,,Ocky,,
Ocky Dock 2,8,10,2007,Watercolor,paper,,,Ocky,,
Ocky Fall Dock,8,10,2007,Watercolor,paper,210,,Ocky,,
Summer Camp,9,13,2008,Acrylic,paper,,,Ocky,,
Summer Camp Arts and Craft Parvillian,11,14,2008,Mix Media,paper,,,Ocky,,
Swimming Area Boundries,7,9,2008,Acrylic,paper,,,Ocky,,
The Lake at Ocky,8,10,2008,Acrylic,paper,,,Ocky,,
"After the Hunt, Black and Red Interior",11,13,1979,Mix Media,paper,400,,Other Interiors,399,
Blue Living Room,16,20,2002,Oil,canvas,800,,Other Interiors,289,
Blue Room,6,5,1995,pastel,paper,210,,Other Interiors,57,
Dawn's Chair,8,10,2020,Watercolor,paper,,TRUE,Other Interiors,,
Ed's Chair,8,10,2020,Watercolor,paper,,TRUE,Other Interiors,,
Ellarslie Period Room,22,28,2019,Watercolor ,paper,1000,,Other Interiors,,
Golden Dinning Room,16,20,2005,Oil,canvas,800,,Other Interiors,,
Grandmother's Chair,9,11.5,1976,Mix Media,paper,350,,Other Interiors,260,
Grandmother's Dining Room,3.5,2.5,1976,Watercolor,paper,210,,Other Interiors,197,
Grandmother's Dining Room 2,8,12,1976,Mix Media,paper,250,,Other Interiors,,
Grandmother's Living Room,6.5,5,1976,Watercolor,paper,210,,Other Interiors,,
Grandmother's TV Room,2.5,3.5,1975,Watercolor,paper,210,,Other Interiors,198,
Interior with Two Dogs,8,10,2018,Mix Media,canvas,250,,Other Interiors,,
Judy's Chair,8,10,2020,Watercolor,paper,,TRUE,Other Interiors,,
Orange Library,16,20,2005,Oil,canvas,800,,Other Interiors,204,
Orange Living Room,12,16,2005,Oil,canvas,500,,Other Interiors,,
Paul F's Chair,8,10,2020,Watercolor,paper,,TRUE,Other Interiors,,
PCS Pink Livingroom,5,6,1995,pastel,paper,210,,Other Interiors,58,
PCS Red Couch,5,7,1989,Mix Media,paper,210,,Other Interiors,,
PCS Room With Red Wall,5,6.5,1997,pastel,paper,210,,Other Interiors,100,
PCS The Hall,4.5,6,1996,pastel,paper,210,,Other Interiors,98,
Purple Living Room,16,20,2001,Oil,canvas,800,,Other Interiors,295,
Red Chair,10,15,1985,Mix Media,paper,400,,Other Interiors,,
"Red Chairs, Dining Room",12,16,2005,Oil pastel,canvas,500,,Other Interiors,,
Red Couch in the Front Room,8,10,1979,Mix Media,paper,250,,Other Interiors,107,
Rutger's Garden Log Cabin,8,10,2018,Acrylic,canvas,250,,Other Interiors,,
Trent House Bedroom,6,7,2019,Watercolor,paper,210,,Other Interiors,,
Trent House Chairs,6,7,2019,Watercolor,paper,210,,Other Interiors,,
Yale Library,11,14,2019,Watercolor,,400,,Other Interiors,,
Yellow and Red Room,20.5,19,1988,Watercolor,paper,1000,,Other Interiors,,
Yellow Living Room,12,16,2008,Oil pastel,canvas,500,,Other Interiors,,
Beach Sunset,8,10,2019,Acrylic,canvas,250,,Painting on the Edge,,
Birds on the Edge of a Brush Pile,8,10,2019,Acrylic,canvas,250,,Painting on the Edge,,
Ducks on the Edge of the Pond,8,10,2019,Acrylic,canvas,250,,Painting on the Edge,,
On the Edge of a Pond,11,14,2019,Acrylic,canvas,400,,Painting on the Edge,,
South Dakota Trout Stream,8,10,2019,Acrylic,canvas,250,,Painting on the Edge,,
The Road Between the Fields,8,10,2019,Acrylic,canvas,,TRUE,Painting on the Edge,,
A Boy and His Dog,8,10,2020,Acrylic,canvas,250,,People,,
Archery,8,10,2009,Watercolor,paper,210,,People,,
Belly Dancer,11,14,2010,Watercolor,paper,400,,People,,
Belly Dancers,11,14,2010,Watercolor,paper,400,,People,,
Ben 2,11,14,1992,Pencil and Chalk,paper,,,People,,
Ben 3,11,14,1992,Pencil and Chalk,paper,,,People,,
Ben and Mike 4,11,14,1992,Pencil and Chalk,,,,People,,
Ben and Mike 5,11,14,1992,Pencil and Chalk,paper,,,People,,
Ben in a Tree,9,12,2007,Oil,canvas,,,People,187,
Ben Portrait 1,8.5,10.5,2008,Mix Media,paper,,,People,205,
Ben Portrait 2,8.5,10.5,2008,Mix Media,paper,,,People,,
Bev,8,10,1979,Charcoal,paper,50,,People,,
Bob Burkey,5,7,2019,Acrylic,canvas,,TRUE,People,,
Bob Burkey's Dad and Step Mom,12,16,2019,Acrylic,paper,,TRUE,People,,
Bob Burkey's Father,5,7,2019,Acrylic,canvas,,TRUE,People,,
Bob Burkey's Father 2,5,7,2019,Acrylic,canvas,,TRUE,People,,
Bob Burkey's Father 3,5,7,2019,Acrylic,canvas,,TRUE,People,,
Bumble Bee 1,8,10,2010,Watercolor,paper,210,,People,,
Bumble Bee 2,8,10,2010,Watercolor,paper,210,,People,,
Camp Canoe,8,10,2010,Watercolor,paper,210,,People,,
Chet 1,8,10,2009,Watercolor,paper,210,,People,,
Chet 2,8,10,2009,Watercolor,paper,210,,People,,
Chet 3,8,10,2009,Watercolor,paper,210,,People,,
Childhood Picture of My Mother,11,14,1992,pastel,paper,,,People,,
Dad,11,14,2017,Mix Media,paper,400,,People,,
Dad Dancing 1,8,10,2015,Watercolor,paper,210,,People,,
Dad Dancing 2,8,10,2015,Watercolor,paper,210,,People,,
Dad Dancing 3,8,10,2015,Watercolor,paper,210,,People,,
Dad Laughing on the Deck,8,10,2019,Acrylic,canvas,250,,People,,
Dad with Pumpkin,8,10,2016,Watercolor,paper,210,,People,,
Double Self Portrait,8,10,2009,Acrylic,canvas,,,People,,
Elaina,8,10,1979,Charcoal,paper,50,,People,,
Fishing With Grand Dad 1,8,10,2011,Watercolor,paper,210,,People,,
Fishing With Grand Dad 2,8,10,2011,Watercolor,paper,210,,People,,
Fishing With Grand Dad 3,8,10,2011,Watercolor,paper,210,,People,,
Flying a Kite,4,5,2009,Watercolor,paper,210,,People,403,
Grandmother and Her Sisters,8,10,1997,Pencil,paper,50,,People,,
Grandmother and Her Sisters 1,8,10,1997,Pencil,paper,50,,People,,
Grandmother and Her Sisters 2,8,10,1997,Pencil,paper,50,,People,,
Grandmother and Her Sisters 3,8,10,1997,Pencil,paper,50,,People,,
Grandmother and Her Sisters 6,8,10,1997,Pencil,paper,50,,People,,
Hightstown Art Group,8,11,2005,Pencil,paper,75,,People,,
"Horse Play, Mike and Ben, 1",8,10,2010,Watercolor,Paper,,,People,,
"Horse Play, Mike and Ben, 2",8,10,2010,Watercolor,Paper,,,People,,
"Horse Play, Mike and Ben, 3",8,10,2010,Watercolor,Paper,,,People,,
"Horse Play, Mike and Ben, 4",8,10,2010,Watercolor,Paper,,,People,,
Kevin Gantt,8.5,12,1989,pastel,paper,,TRUE,People,259,
Laurita Winery 1,4.5,5.5,2009,Watercolor,paper,210,,People,369,
Mexican Folk Dancers,11,14,2015,Watercolor,paper,400,,People,,
Mike in Cowboy and Horse Costume,4.5,7.5,2011,pastel,paper,210,,People,224,
Mike in Red Jacket,9,12,2007,Oil,canvas,,,People,186,
Mike Portrait,9.5,6,1992,pastel,paper,,,People,,
Mike the Fireman 1,4,5,2010,Watercolor,paper,210,,People,421,
Mike the Fireman 2,4,5,2010,Watercolor,paper,210,,People,422,
"Mike, Rope Bridge, Ocky",6.5,10.5,2011,Watercolor,paper,,,People,,
Mom,11,14,2017,Mix Media,paper,400,,People,,
Mom 2,8,10,2019,Acrylic,canvas,250,,People,,
Mom 3,8,10,2019,Acrylic,canvas,250,,People,,
Mom 4,8,10,2019,Acrylic,canvas,250,,People,,
Mom 5,8,10,2019,Acrylic,canvas,250,,People,,
Mom and Dad on the Deck,12,16,2019,Acrylic,paper,500,,People,,
"Mom and Dad, Cutting the Rug",11,14,2016,Acrylic,canvas,,TRUE,People,,
Mom and Dad's Wedding Still,18,24,2019,Acrylic,canvas,1000,,People,,
Mom and Dad's Wedding Still 2,18,24,2019,Acrylic,canvas,1000,,People,,
Mom and Dad's Wedding Still 3,18,24,2020,Acrylic,canvas,1000,,People,,
Mom and Roommates in Japan 1946,8,10,2020,Acrylic,canvas,250,,People,,
Mom Laughing,8,10,2019,Acrylic,canvas,250,,People,,
"New Clothes, Aug 30th",8,10,2016,Watercolor,paper,100,,People,,
Paul on the Mission Trail,11,14,2015,Watercolor,paper,,TRUE,People,,
Play Ball,5,7,2015,Acrylic,paper,210,,People,,
Ralph,11,14,2009,Colored Pencil,paper,75,,People,,
"Reading, Portal Into Your Imagination",11,14,2009,Watercolor,Paper,250,,People,,
Resting,11,14,2007,Ink,Paper,150,,People,,
Seated Figure Mardi Gras Beads,11,14,2009,Watercolor,paper,400,,People,,
Self Portrait 1,9,12,1976,Oil,canvas,,,People,,
Self Portrait 2,9,12,1976,Oil,canvas,,,People,,
Self Portrait 3,6,12,1975,Oil,canvas,,,People,,
Show Girl,9,12,2009,pastel,paper,400,,People,378,
Show Girls 2,7,11,2009,Watercolor,paper,400,,People,,
The Burkey Men,12,16,2019,Acrylic,paper,,TRUE,People,,
Waiting for the Bus,5,7,2013,Acrylic,paper,210,,People,,
Walking in Sunshine,4,5,2009,Watercolor,paper,210,,People,408,
Grow Beyond the Drip Line,10,10,2016,Acrylic,canvas,260,,Roots,,
Growth Rings,10,10,2016,Acrylic,canvas,260,,Roots,,
Putting Down Roots,20,20,2017,Acrylic,canvas,1000,,Roots,,
Uprooted 1,10,10,2017,Acrylic,canvas,260,,Roots,,
Uprooted 2,10,10,2017,Acrylic,canvas,260,,Roots,,
Uprooted 3,10,10,2017,Acrylic,canvas,260,,Roots,,
Uprooted 4,10,10,2017,Acrylic,canvas,260,,Roots,,
"Birds in Flight, Salt Marsh",18,24,2017,Acrylic,canvas,1000,,Salt Marsh,,
Ducks in Salt Marsh,20,20,2018,Acrylic collage,Canvas,1000,,Salt Marsh,,
"Salt Marsh, November",11,14,2016,Acrylic,canvas,400,,Salt Marsh,,
"Salt Marsh, November 2",11,14,2016,Acrylic,canvas,400,,Salt Marsh,,
"Salt Marsh, November 3",11,14,2016,Acrylic,canvas,400,,Salt Marsh,,
"Salt Marsh, September",11,14,2016,Acrylic,canvas,400,,Salt Marsh,,
Antelope,5,7,2019,Acrylic,canvas,150,,South Dakota Trip,,
Black Bill Magpie,5,7,2019,Acrylic,canvas,150,,South Dakota Trip,,
Black Hills Waterfall,8,10,2019,Acrylic,canvas,250,,South Dakota Trip,,
Buffalo,5,7,2019,Acrylic,canvas,150,,South Dakota Trip,,
Cows in Overcast Field,11,14,2019,Acrylic,canvas,400,,South Dakota Trip,,
Custer Park Buffalo,5,7,2019,Acrylic,canvas,150,,South Dakota Trip,,
Devil's Tower,20,20,2019,Acrylic,canvas,1000,,South Dakota Trip,,
Field and Devil's Tower,5,7,2019,Acrylic,canvas,150,,South Dakota Trip,,
Nebraska Cows,12,12,2019,Acrylic,canvas,460,,South Dakota Trip,,
Red and Blue Cows,5,7,2019,Acrylic,canvas,150,,South Dakota Trip,,
Turkeys,12,16,2019,Acrylic,canvas,,TRUE,South Dakota Trip,,
View from Corkscrew Road,8,10,2019,Acrylic,canvas,250,,South Dakota Trip,,
Botanical Still Life,11,14,2015,Acrylic,canvas,,,Still Life,,
Brown Chair,8,10,1974,pastel,paper,210,,Still Life,,
Chair with Blue Background,8,10,1993,pastel,paper,210,,Still Life,,
Chair with Pink Background,8,10,1993,pastel,paper,210,,Still Life,,
Feather and Landscapes,11,14,2007,Pastel,Paper,210,,Still Life,,
Still Life,8,10,1980,Watercolor,paper,210,,Still Life,,
Whisp Broom Ladies,19,25,1989,pastel,paper,,TRUE,Still Life,,
"Stone in the Middle of the Road, As a Bridge",10,10,2015,Acrylic,canvas,260,,Stone in the Middle of the Road,,
"Stone in the Middle of the Road, As the Leaves Fall",10,10,2015,Acrylic,canvas,260,,Stone in the Middle of the Road,,
"Stone in the Middle of the Road, Could Not Stop Nature",10,10,2015,Acrylic,canvas,260,,Stone in the Middle of the Road,,
"Stone in the Middle of the Road, Diverts the Path",10,10,2015,Acrylic,canvas,260,,Stone in the Middle of the Road,,
"Stone in the Middle of the Road, From Both Sides",10,10,2015,Acrylic,canvas,260,,Stone in the Middle of the Road,,
"Stone in the Middle of the Road, In the Woods",10,10,2015,Acrylic,canvas,260,,Stone in the Middle of the Road,,
"Stone in the Middle of the Road, It Grows On You",10,10,2015,Acrylic,canvas,260,,Stone in the Middle of the Road,,
"Stone in the Middle of the Road, It is the Small Things That Make a Difference",10,10,2015,Acrylic,canvas,260,,Stone in the Middle of the Road,,
"Stone in the Middle of the Road, Split in Two",10,10,2015,Acrylic,canvas,260,,Stone in the Middle of the Road,,
"Stone in the Middle of the Road, Split in Two, a Different View",10,10,2015,Acrylic,canvas,260,,Stone in the Middle of the Road,,
7 13 09 Morning,10,8,2009,Watercolor,paper,250,,"Sunrise, Sunset",,
7 13 09 Morning 2,10,8,2009,Watercolor ,paper,250,,"Sunrise, Sunset",,
7 13 09 Morning 3,10,8,2009,Watercolor,paper,250,,"Sunrise, Sunset",,
7 16 09 Evening,10,8,2009,Watercolor,paper,250,,"Sunrise, Sunset",,
7 16 09 Morning,10,8,2009,Watercolor,paper,250,,"Sunrise, Sunset",,
7 23 09 Morning,8,10,2009,Watercolor,paper,250,,"Sunrise, Sunset",,
7 24 09 Morning,10,8,2009,Watercolor,paper,250,,"Sunrise, Sunset",,
7 24 09 Sunset,10,8,2009,Watercolor ,paper,250,,"Sunrise, Sunset",,
School Doors,10,8,2008,Watercolor ,paper,250,,"Sunrise, Sunset",,
Sea Isle City Sunrise,11,14,2015,Watercolor,paper,300,,"Sunrise, Sunset",,
Sea Isle City Sunrise 2,11,14,2015,Watercolor,paper,300,,"Sunrise, Sunset",,
Stone Tavern Lake Morning,8,10,2009,Watercolor,paper,210,,"Sunrise, Sunset",,
"Sunrise, Sunset 2008 I",10,8,2008,Watercolor ,paper,250,,"Sunrise, Sunset",,
"Sunrise, Sunset 2008 II",10,8,2008,Watercolor ,paper,250,,"Sunrise, Sunset",,
"Sunrise, Sunset 2008 III",10,8,2008,Watercolor,paper,250,,"Sunrise, Sunset",,
"Sunrise, Sunset 2008 IV",10,8,2008,Watercolor ,paper,250,,"Sunrise, Sunset",,
"Sunrise, Sunset 2008 IX",10,8,2008,Watercolor,paper,250,,"Sunrise, Sunset",,
"Sunrise, Sunset 2008 V",10,8,2008,Watercolor,paper,250,,"Sunrise, Sunset",,
"Sunrise, Sunset 2008 VI",10,8,2008,Watercolor,paper,250,,"Sunrise, Sunset",,
"Sunrise, Sunset 2008 VII",10,8,2008,Watercolor,paper,250,,"Sunrise, Sunset",,
"Sunrise, Sunset 2008 VIII",10,8,2008,Watercolor,paper,250,,"Sunrise, Sunset",,
"Sunrise, Sunset 2008 X",10,8,2008,Watercolor ,paper,250,,"Sunrise, Sunset",,
"Sunrise, Sunset 2008 XI",10,8,2008,Watercolor ,paper,250,,"Sunrise, Sunset",,
"Sunrise, Sunset 2008 XII",10,8,2008,Watercolor,paper,250,,"Sunrise, Sunset",,
"Sunrise, Sunset XIII",8,10,2008,Watercolor,paper,210,,"Sunrise, Sunset",,
"Sunrise, Sunset XIV",8,10,2008,Watercolor,paper,210,,"Sunrise, Sunset",,
"Sunrise, Sunset XIX",8,10,2008,Watercolor,paper,210,,"Sunrise, Sunset",,
"Sunrise, Sunset XV",8,10,2008,Watercolor,paper,210,,"Sunrise, Sunset",,
Sunset Pikes Peak,11,14,2008,Colored Pencil,paper,75,,"Sunrise, Sunset",,
Aunt Tullie's Living Room,11,14,2017,Acrylic,paper,400,TRUE,The Professor's Interiors,,
Director's Office,11,14,2016,Acrylic,paper,400,,The Professor's Interiors,,
English Living Room,14,11,2016,Watercolor,paper,,TRUE,The Professor's Interiors,,
Favorite Restaurant in Italy,11,14,2016,Acrylic ,paper,400,,The Professor's Interiors,,
Harry's Enclosed Porch,11,14,2016,Acrylic ,paper,400,,The Professor's Interiors,,
Harry's Living Room,14,11,2016,Acrylic,paper,400,,The Professor's Interiors,,
Lydia's for Thanksgiving,22,28,2017,Acrylic,paper,1000,,The Professor's Interiors,,
Museum Court Yard,11,14,2017,Acrylic ,paper,400,,The Professor's Interiors,,
Tea Time at the Professor's,14,11,2015,Watercolor,paper,400,,The Professor's Interiors,,
The Professor's Front Hall,11,14,2015,Acrylic,paper,400,,The Professor's Interiors,,
The Professor's Study,14,11,2015,Acrylic,paper,400,,The Professor's Interiors,,
The Professor's Unattached Porch,14,11,2017,Acrylic,paper,400,,The Professor's Interiors,,
The Tiled Hallway,22,28,2020,Watercolor,paper,1000,,The Professor's Interiors,,
Yale Library,11,14,2019,Watercolor,paper,400,,The Professor's Interiors,,
Hackberry,10,10,2019,Acrylic,canvas,260,,Trees,,
Live Oak,10,10,2019,Acrylic,canvas,260,,Trees,,
Looking Up,8,10,2009,Watercolor,paper,210,,Trees,235,
Assunpink Winter Field,11,14,2016,Acrylic,canvas,400,,Winter Landscape,,
"Assunpink Winter Field, Early Thaw",11,14,2015,Acrylic,canvas,400,,Winter Landscape,,
Birds in Winter Field,18,24,2017,Acrylic,canvas,1000,,Winter Landscape,,
Empty Box Creek Winter Sunrise,11,14,2015,Acrylic,canvas,400,,Winter Landscape,,
Empty Box Creek Winter Sunset,11,14,2015,Acrylic,canvas,400,,Winter Landscape,,
Entrance to Field,11,14,2015,Acrylic,canvas,400,,Winter Landscape,,
Snowy Field with Fence,11,14,2015,Acrylic,canvas,400,,Winter Landscape,,
Snowy Field with Golden Trees,11,14,2016,Acrylic,canvas,400,,Winter Landscape,,
Sunset on Snowy Fields,11,14,2015,Acrylic,canvas,400,,Winter Landscape,,
Winter Farm,11,14,2015,Acrylic,canvas,400,,Winter Landscape,,
Winter Farm Field,11,14,2015,Acrylic,canvas,400,,Winter Landscape,,
Winter Farm Field 2,11,14,2015,Acrylic,canvas,400,,Winter Landscape,,
Winter Path to Field,11,14,2015,Acrylic,canvas,400,,Winter Landscape,,
"Winter Road, at Sunset",11,14,2015,Acrylic,canvas,400,,Winter Landscape,,
Rooted,10,10,2017,Acrylic,canvas,260,,Roots,,
Rooted,10,10,2017,Acrylic,canvas,260,,Abstract and Fantasy,,